firstname.first_name,firstname.last_name,gender
Marie-Claude,BOILY,female
Hridayanayaki,DABY,#N/A
Manuja,KALUARACHCHI SODEN,#N/A
Shamini,GNANI,female
Sabita,UTHAYA,#N/A
Enitan,OGUNDIPE,#N/A
Thiagarajah,SASIKARAN,#N/A
Maria-Gloria,BASANEZ,female
Marjo-Riitta,JARVELIN,female
Vasa,CURCIN,#N/A
Demetris,PILLAS,#N/A
Lefkos,MIDDLETON,male
Gayithri,KIRU,#N/A
Perviz,ASARIA,#N/A
Weihua,ZHANG,#N/A
Thibaut,JOMBART,male
Rowan,MYRON,#N/A
Eszter,VAMOS,female
Minttu,RONN,#N/A
Dagfinn,AUNE,male
Lesong,CONTEH,#N/A
Ninha,SILVA,#N/A
Mariachiara,DI CESARE,#N/A
Geva,GREENFIELD,male
Min,KWUN,female
Shati,RAHMAN,#N/A
Arinbjorn,KOLBEINSSON,#N/A
Yutong,CAI,#N/A
Sondus,HASSOUNAH,#N/A
Umme,MULLA,female
Chu-Mei,CHANG,female
Ranjeeta,THOMAS,female
Hakim-Moulay,DEHBI,#N/A
Derryn,LOVETT,#N/A
Nimalan,ARINAMINPATHY,male
Filippos,FILIPPIDIS,male
Nuttan,TANNA,#N/A
Samrat,SINGH,male
Dipender,GILL,male
Ville,KARHUNEN,#N/A
Christoforos,HADJICHRYSANTHOU,male
Dinithi,PERERA,#N/A
Matyas,SZIGETI,male
Kris,MURRAY,male
Geraint,PRICE,male
Kausik,RAY,male
Charalampos,TRIANTAFYLLIDIS,male
Ceire,COSTELLOE,female
Robbie,PARKS,#N/A
Henock,TADDESE,#N/A
Weiyi,WANG,#N/A
Kalypso,CHALKIDOU,female
Miia,KIVIPELTO,female
Constanze,CIAVARELLA,female
Xiang,LI,#N/A
Tasnime,OSAMA,#N/A
Harinakshi,SANIKINI,female
Fabricia,FERREIRA DO NASCIMENTO,female
Shalmali,DESHPANDE,#N/A
Abrar,ALTURKISTANI,#N/A
Chen,SHEN,male
Klodeta,KURA,female
Mehrosa,MEMOOD,#N/A
Bimandra,DJAAFARA,male
Dougal,HARGREAVES,male
Cleo,BASKIN,#N/A
Aos,ALAA,#N/A
Kris,PARAG,male
Yiqun,HAN,#N/A
Toqir,MUKHTAR,#N/A
Atsumi,HIROSE,#N/A
Swapnil,MISHRA,male
Hanna-Marie,CREESE,female
Isa,AHMAD,#N/A
Garyfallos,KONSTANTINOUDIS,male
Aamena,BHARMAL,#N/A
Puji,FAITNA,#N/A
Misghina,WELDEGIORGIS,#N/A
Nosha,ASSAREH,#N/A
Dragana,VUCKOVIC,#N/A
Zhangyi,HE,#N/A
Xi,LU,#N/A
Shanon,LIM,#N/A
Hanbin,ZHANG,#N/A
Marzieh,ARAGHI,#N/A
Sanne,PETERS,#N/A
Vivekanand,JHA,#N/A
Prasanthi,ATTWOOD,#N/A
Behrouz,NEZAFAT MALDONADO,#N/A
Kai,TANG,#N/A
Sandeepa,ARORA,#N/A
Nieves,DERQUI,#N/A
Petya,ATANASOVA,#N/A
Nilani,CHANDRADEVA,#N/A
Mathuramat,SEESEN,#N/A
Luzia,FREITAS,#N/A
Sukriti,KC,#N/A
Chu-Chang,KU,#N/A
Lan,CHENG,#N/A
Amen-Patrick,NWOSU,#N/A
Anna-Maria,HARTNER,#N/A
Kouassivi,AGLAGO,#N/A
Debebe,ADEWO,#N/A
Darlan,DA SILVA CANDIDO,#N/A
Gang,CHEN,#N/A
Agalya,RAMANATHAN,#N/A
Yunzhe,LIU,#N/A
Mihaly,KOLTAI,#N/A
