firstname.first_name,firstname.last_name,gender,,
Debebe,ADEWO,male,,
Kouassivi,AGLAGO,male,,
Isa,AHMAD,male,,
Aos,ALAA,male,,
Abrar,ALTURKISTANI,female,,
Marzieh,ARAGHI,female,,
Nimalan,ARINAMINPATHY,male,,
Sandeepa,ARORA,female,,
Perviz,ASARIA,female,,
Nosha,ASSAREH,male,,
Petya,ATANASOVA,female,,
Prasanthi,ATTWOOD,female,,
Dagfinn,AUNE,male,,
Maria-Gloria,BASANEZ,female,,
Cleo,BASKIN,female,,
Aamena,BHARMAL,female,,
Marie-Claude,BOILY,female,,
Yutong,CAI,male,,
Kalypso,CHALKIDOU,female,,
Nilani,CHANDRADEVA,female,,
Chu-Mei,CHANG,female,,
Gang,CHEN,male,,
Lan,CHENG,female,,
Constanze,CIAVARELLA,female,,
Lesong,CONTEH,female,,
Ceire,COSTELLOE,female,,
Hanna-Marie,CREESE,female,,
Vasa,CURCIN,male,,
Darlan,DA SILVA CANDIDO,male,,
Hridayanayaki,DABY,female,,
Hakim-Moulay,DEHBI,male,,
Nieves,DERQUI,female,,
Shalmali,DESHPANDE,female,,
Mariachiara,DI CESARE,female,,
Bimandra,DJAAFARA,male,,
Puji,FAITNA,female,,
Fabricia,FERREIRA DO NASCIMENTO,female,,
Filippos,FILIPPIDIS,male,,
Luzia,FREITAS,female,,
Dipender,GILL,male,,
Shamini,GNANI,female,,
Geva,GREENFIELD,male,,
Christoforos,HADJICHRYSANTHOU,male,,
Yiqun,HAN,male,,
Dougal,HARGREAVES,male,,
Anna-Maria,HARTNER,female,,
Sondus,HASSOUNAH,female,,
Zhangyi,HE,male,,
Atsumi,HIROSE,female,,
Marjo-Riitta,JARVELIN,female,,
Vivekanand,JHA,male,,
Thibaut,JOMBART,male,,
Manuja,KALUARACHCHI SODEN,female,,
Ville,KARHUNEN,male,,
Sukriti,KC,female,,
Gayithri,KIRU,female,,
Miia,KIVIPELTO,female,,
Arinbjorn,KOLBEINSSON,male,,
Mihaly,KOLTAI,male,,
Garyfallos,KONSTANTINOUDIS,male,,
Chu-Chang,KU,male,,
Klodeta,KURA,female,,
Min,KWUN,female,,
Xiang,LI,male,,
Shanon,LIM,male,,
Yunzhe,LIU,male,,
Derryn,LOVETT,male,,
Xi,LU,male,,
Mehrosa,MEMOOD,female,,
Lefkos,MIDDLETON,male,,
Swapnil,MISHRA,male,,
Toqir,MUKHTAR,female,,
Umme,MULLA,female,,
Kris,MURRAY,male,,
Rowan,MYRON,female,,
Behrouz,NEZAFAT MALDONADO,male,,
Amen-Patrick,NWOSU,male,,
Enitan,OGUNDIPE,female,,
Tasnime,OSAMA,female,,
Kris,PARAG,male,,
Robbie,PARKS,male,,
Dinithi,PERERA,female,,
Sanne,PETERS,female,,
Demetris,PILLAS,male,,
Geraint,PRICE,male,,
Shati,RAHMAN,female,,
Agalya,RAMANATHAN,female,,
Kausik,RAY,male,,
Minttu,RONN,female,,
Harinakshi,SANIKINI,female,,
Thiagarajah,SASIKARAN,male,,
Mathuramat,SEESEN,female,,
Chen,SHEN,male,,
Ninha,SILVA,female,,
Samrat,SINGH,male,,
Matyas,SZIGETI,male,,
Henock,TADDESE,male,,
Kai,TANG,male,,
Nuttan,TANNA,female,,
Ranjeeta,THOMAS,female,,
Charalampos,TRIANTAFYLLIDIS,male,,
Sabita,UTHAYA,female,,
Eszter,VAMOS,female,,
Dragana,VUCKOVIC,female,,
Weiyi,WANG,female,,
Misghina,WELDEGIORGIS,male,,
Weihua,ZHANG,female,,
Hanbin,ZHANG,male,,
,,,,
